perc_black,perc_hisp,age_1824,age_75over,no_rid,perc_obama,perc_no_college,rid_rate,relocation_rate,id_capable_rate,hardship_rate,hhi_tenthous,at_least_one,dem,log_pop
0.21177589893341064,0.16833290457725525,0.08699999749660492,0.054999999701976776,0,0.23720061779022217,0.8870000243186951,0.05300041288137436,0,0.029444674029946327,0.023555738851428032,4.132699966430664,1,0,10.966732025146484
0.019612500444054604,0.5320417284965515,0.10100000351667404,0.05000000074505806,0,0.1792963445186615,0.8830000162124634,0.20226536691188812,0.060679610818624496,0.10113268345594406,0.020226536318659782,7.042300224304199,1,0,9.727644920349121
0.15095500648021698,0.20915579795837402,0.09300000220537186,0.06400000303983688,0,0.2784234285354614,0.8479999899864197,0.10910533368587494,0.009918667376041412,0.05620577931404114,0.033062223345041275,4.422299861907959,1,0,11.382224082946777
0.016836799681186676,0.26111480593681335,0.07500000298023224,0.10700000077486038,0,0.2836165428161621,0.8050000071525574,0.2601988613605499,0.10222098231315613,0.037171266973018646,0.11151380091905594,4.169000148773193,1,0,10.097902297973633
0.010365599766373634,0.08064699918031693,0.0820000022649765,0.07699999958276749,0,0.12727272510528564,0.7940000295639038,0.18420447409152985,0,0.115127794444561,0.06907667219638824,6.027500152587891,1,0,9.080118179321289
0.007842699997127056,0.6278640031814575,0.08900000154972076,0.0560000017285347,0,0.4075750410556793,0.8600000143051147,0.23814678192138672,0.007216569036245346,0.08659882843494415,0.12989825010299683,5.219200134277344,1,0,10.758966445922852
0.08838190138339996,0.25365230441093445,0.08299999684095383,0.06800000369548798,0,0.1955370306968689,0.7990000247955322,0.1289179027080536,0,0.056401580572128296,0.056401580572128296,5.36870002746582,1,0,10.271112442016602
0.02062870003283024,0.600617527961731,0.09000000357627869,0.08399999886751175,0,0.2581717371940613,0.921999990940094,0.1116071417927742,0,0.1116071417927742,0,3.7397000789642334,1,0,8.8715057373046875
0.014137299731373787,0.17522600293159485,0.05999999865889549,0.08900000154972076,0,0.20064584910869598,0.7739999890327454,0.04849190264940262,0.009698380716145039,0.02909514121711254,0.009698380716145039,4.986299991607666,1,0,9.942516326904297
0.07887139916419983,0.3447912931442261,0.07900000363588333,0.05000000074505806,0,0.41277146339416504,0.8209999799728394,0.14192745089530945,0.017308223992586136,0.055386319756507874,0.06230960786342621,5.482100009918213,1,0,11.250885009765625
0.08720409870147705,0.5733795166015625,0.1120000034570694,0.04899999871850014,0,0.44211065769195557,0.902999997138977,0.011784114874899387,0,0,0.011784114874899387,4.230199813842773,1,0,10.393876075744629
0.21532569825649261,0.23236650228500366,0.12300000339746475,0.03999999910593033,0,0.4173659682273865,0.7689999938011169,0.07592461258172989,0.013520821928977966,0.01976120099425316,0.03536215052008629,5.054999828338623,1,0,12.694778442382812
0.07479149848222733,0.5914592146873474,0.10899999737739563,0.04699999839067459,0,0.5229420065879822,0.7330000400543213,0.09387145936489105,0.02254919521510601,0.030900748446583748,0.03424137085676193,5.114999771118164,1,1,14.417366027832031
0.00606170017272234,0.18968570232391357,0.06800000369548798,0.07999999821186066,0,0.25113216042518616,0.715999960899353,0.05158184468746185,0,0,0.05158184468746185,5.5503997802734375,1,0,9.280146598815918
0.014968600124120712,0.1685492992401123,0.07000000029802322,0.10000000149011612,0,0.18849971890449524,0.8299999833106995,0.13913483917713165,0.05059448629617691,0.012648621574044228,0.06324310600757599,4.467400074005127,1,0,9.796514511108398
0.24270300567150116,0.07102140039205551,0.08900000154972076,0.06599999964237213,0,0.29077428579330444,0.8180000185966492,0.20527943968772888,0.04915141686797142,0.046260155737400055,0.08962905406951904,4.267000198364258,1,0,11.442020416259766
0.12997190654277802,0.28941550850868225,0.08399999886751175,0.04100000113248825,0,0.32693788409233093,0.7139999866485596,0.0511593371629715,0.015677861869335175,0.015677861869335175,0.018153313547372818,6.974899768829346,1,0,12.712109565734863
0.10752130299806595,0.24372169375419617,0.28999999165534973,0.03400000184774399,0,0.31958818435668945,0.6110000014305115,0.2133161872625351,0.07597562670707703,0.045293163508176804,0.08181990683078766,3.980799913406372,1,0,12.232086181640625
8.308999822475016e-4,0.9285417795181274,0.15399999916553497,0.07900000363588333,0,0.7881320714950562,0.8830000162124634,0.6390977501869202,0.03759398311376572,0.4135338366031647,0.15037593245506287,2.2741000652313232,1,1,8.884748458862305
0.04305759817361832,0.2069886028766632,0.09399999678134918,0.0820000022649765,0,0.13798101246356964,0.8209999799728394,0.014048890210688114,0,0,0.014048890210688114,4.196199893951416,1,0,10.540937423706055
0.1225351020693779,0.19707399606704712,0.07599999755620956,0.08399999886751175,0,0.2674090266227722,0.8510000109672546,0.1435956358909607,0,0.04307869076728821,0.08615738153457642,5.18209981918335,1,0,9.758056640625
0.023491300642490387,0.2132112979888916,0.08299999684095383,0.08799999952316284,0,0.22243748605251312,0.7730000019073486,0.15883588790893555,0.07173233479261398,0.03586616739630699,0.051237381994724274,4.973199844360352,1,0,10.695212364196777
0.07078050076961517,0.49101579189300537,0.11900000274181366,0.05400000140070915,0,0.44311875104904175,0.8460000157356262,0.244021475315094,0.008134049363434315,0.08947454392910004,0.13827884197235107,4.723299980163574,1,0,10.580175399780273
0.028800899162888527,0.4776608943939209,0.07900000363588333,0.0689999982714653,0,0.36771437525749207,0.8379999995231628,0.1271725296974182,0,0.042390841990709305,0.05652112513780594,5.107800006866455,1,0,9.983499526977539
0.016996700316667557,0.09089569747447968,0.06199999898672104,0.08399999886751175,0,0.14642231166362762,0.8569999933242798,0.22871217131614685,0,0.10555946826934814,0.10555946826934814,4.098100185394287,1,0,9.512812614440918
0.005708899814635515,0.8854495882987976,0.10599999874830246,0.05400000140070915,0,0.656926155090332,0.8359999656677246,0.14318227767944336,0.008548195473849773,0.0619744211435318,0.05342622473835945,3.3266000747680664,1,1,12.943109512329102
0.17433689534664154,0.22970600426197052,0.08699999749660492,0.07599999755620956,0,0.33139941096305847,0.8569999933242798,0.044033464044332504,0,0,0.022016732022166252,3.785099983215332,1,0,9.434762954711914
0.17274470627307892,0.04108409956097603,0.07199999690055847,0.08900000154972076,0,0.2501925230026245,0.8639999628067017,0.039942484349012375,0.023965489119291306,0.00798849668353796,0.00798849668353796,3.7351999282836914,1,0,10.31982707977295
0.07938040047883987,0.20863869786262512,0.08299999684095383,0.03700000047683716,0,0.19139741361141205,0.812999963760376,0.0472729429602623,0,0.035454705357551575,0.011818235740065575,7.0543999671936035,1,0,10.525434494018555
0.1457775980234146,0.21896930038928986,0.0949999988079071,0.0689999982714653,0,0.2426576465368271,0.8370000123977661,0.244192972779274,0.023823704570531845,0.1786777824163437,0.041691482067108154,3.9595000743865967,1,0,10.842849731445312
0.007157200016081333,0.05382189899682999,0.0689999982714653,0.08399999886751175,0,0.14782261848449707,0.8410000205039978,0.01979805901646614,0,0.01979805901646614,0,4.829699993133545,1,0,9.257128715515137
0.03942529857158661,0.562312126159668,0.10400000214576721,0.07199999690055847,0,0.28287291526794434,0.878000020980835,0.11025357991456985,0,0.11025357991456985,0,3.91129994392395,1,0,8.00403118133545
0.007720800116658211,0.20877079665660858,0.05299999937415123,0.11400000005960464,0,0.1281317174434662,0.7940000295639038,0.06863418221473694,0,0,0.06863418221473694,4.246699810028076,1,0,8.082711219787598
0.023664500564336777,0.17279760539531708,0.07400000095367432,0.09799999743700027,0,0.12796758115291595,0.8819999694824219,0.05489980801939964,0,0.02744990400969982,0.02744990400969982,3.5155999660491943,1,0,9.0520477294921875
0.09019909799098969,0.15012149512767792,0.07800000160932541,0.032999999821186066,0,0.339973121881485,0.5019999742507935,0.24888044595718384,0.1015278548002243,0.03731834888458252,0.0809478834271431,8.47350025177002,1,0,13.66726016998291
0.13638770580291748,0.278460294008255,0.07800000160932541,0.09600000083446503,0,0.25189322233200073,0.8180000185966492,0.151321142911911,0,0.1047607958316803,0.04656035453081131,4.661799907684326,1,0,9.940638542175293
0.019685400649905205,0.2627390921115875,0.07599999755620956,0.06599999964237213,0,0.22553576529026031,0.6660000085830688,0.15680435299873352,0.031677648425102234,0.05860364809632301,0.04751647263765335,6.5833001136779785,1,0,11.69217586517334
0.004184099845588207,0.26858991384506226,0.07900000363588333,0.09799999743700027,0,0.1841125339269638,0.8330000042915344,0.0572628378868103,0,0.038175225257873535,0.019087612628936768,3.746999979019165,1,0,9.519515037536621
0.024251200258731842,0.16937130689620972,0.08799999952316284,0.0729999989271164,0,0.15820243954658508,0.7900000214576721,0.19862206280231476,0.031034696847200394,0.07448327541351318,0.04965551570057869,5.240600109100342,1,0,10.565170288085938
0.15152110159397125,0.17452189326286316,0.12800000607967377,0.032999999821186066,0,0.3149346709251404,0.8519999980926514,0.1126428171992302,0.02145577408373356,0.016091831028461456,0.04827549308538437,4.934000015258789,1,0,11.240171432495117
0.003919899929314852,0.7835366129875183,0.12399999797344208,0.061000000685453415,0,0.658169150352478,0.9010000228881836,0.2607561945915222,0.1303780972957611,0.1303780972957611,0,3.5,1,1,7.7389235496521
0.012546299956738949,0.42343878746032715,0.10599999874830246,0.032999999821186066,0,0.16855429112911224,0.8889999985694885,0.25673940777778625,0,0.1925545632839203,0,4.134500026702881,1,0,8.855663299560547
0.221480593085289,0.3902583122253418,0.09799999743700027,0.039000000804662704,0,0.5782438516616821,0.7089999914169312,0.17324388027191162,0.053725067526102066,0.0570991076529026,0.05294644460082054,5.0269999504089355,1,1,14.725784301757812
0.010028599761426449,0.698363184928894,0.10000000149011612,0.054999999701976776,0,0.28941836953163147,0.8519999980926514,0.09471939504146576,0,0.04735969752073288,0.02367984876036644,4.337299823760986,1,0,9.865006446838379
0.08935839682817459,0.18849599361419678,0.09799999743700027,0.028999999165534973,0,0.33944928646087646,0.5870000123977661,0.18128684163093567,0.08453448116779327,0.037314049899578094,0.049201712012290955,7.505000114440918,1,0,13.503332138061523
0.008551400154829025,0.8853762149810791,0.11599999666213989,0.07699999958276749,0,0.772674560546875,0.9190000295639038,0.8650923371315002,0,0.3740939795970917,0.28057050704956055,3.393899917602539,1,1,9.356775283813477
0.042472101747989655,0.5652226209640503,0.1120000034570694,0.041999999433755875,0,0.252676784992218,0.8539999723434448,0.12069520354270935,0.021456925198435783,0.0482780821621418,0.0321853868663311,5.715000152587891,1,0,11.915432929992676
0.0015739999944344163,0.5099685192108154,0.10300000011920929,0.09200000017881393,0,0.2654462158679962,0.7490000128746033,0.18132366240024567,0,0,0.09066183120012283,4.181300163269043,1,0,7.552762031555176
0.03532810136675835,0.812992513179779,0.11699999868869781,0.05000000074505806,0,0.6640251278877258,0.7870000004768372,0.10003612190485,0.015746427699923515,0.04075545817613602,0.03380850329995155,4.163700103759766,1,1,13.630499839782715
0.09243720024824142,0.247195303440094,0.09200000017881393,0.0430000014603138,0,0.25967636704444885,0.7879999876022339,0.12120270729064941,0.031077615916728973,0.02175433188676834,0.06215523183345795,6.246500015258789,1,0,11.964370727539062
0.014610799960792065,0.19918079674243927,0.2199999988079071,0.061000000685453415,0,0.15983407199382782,0.7339999675750732,0.12765051424503326,0.03545847907662392,0.03545847907662392,0.05673356354236603,4.141600131988525,1,0,10.597609519958496
0.06803370267152786,0.10293939709663391,0.08900000154972076,0.07699999958276749,0,0.23349300026893616,0.8400000333786011,0.16282667219638824,0.008141333237290382,0.08141333609819412,0.056989334523677826,4.407100200653076,1,0,10.426676750183105
0.07231680303812027,0.19626539945602417,0.0689999982714653,0.10499999672174454,0,0.22214758396148682,0.8400000333786011,0.08958165347576141,0.008958165533840656,0.05374899134039879,0.017916331067681313,4.780799865722656,1,0,10.120573043823242
0.035251401364803314,0.3102644085884094,0.10199999809265137,0.11100000143051147,0,0.31880447268486023,0.8370000123977661,0.23121386766433716,0.05780346691608429,0.05780346691608429,0.11560693383216858,4.140600204467773,1,0,8.257904052734375
0.02929750084877014,0.55778568983078,0.08100000023841858,0.08299999684095383,0,0.26567021012306213,0.8339999914169312,0.2935420870780945,0,0.0978473573923111,0.14677104353904724,4.10260009765625,1,0,8.728750228881836
0.20844680070877075,0.24024690687656403,0.08399999886751175,0.03099999949336052,0,0.4655221700668335,0.562999963760376,0.11930308490991592,0.029349321499466896,0.05145660415291786,0.029349321499466896,8.915200233459473,1,0,13.397462844848633
0.05057080090045929,0.13350319862365723,0.07000000029802322,0.08399999886751175,0,0.17893733084201813,0.8190000057220459,0.06847751885652542,0,0.02282583899796009,0.04565167799592018,4.15369987487793,1,0,9.268514633178711
0.16205449402332306,0.14443990588188171,0.07400000095367432,0.07699999958276749,0,0.2467982918024063,0.8769999742507935,0.21978022158145905,0.025856496766209602,0.10342598706483841,0.07756949216127396,4.430099964141846,1,0,9.882570266723633
0.04183179885149002,0.7807133197784424,0.15399999916553497,0.052000001072883606,0,0.6038119196891785,0.9200000166893005,0.11188185214996338,0,0.06712911278009415,0.04475273936986923,3.640399932861328,1,1,9.807416915893555
0.018449999392032623,0.39183759689331055,0.08900000154972076,0.04500000178813934,0,0.1331176906824112,0.8819999694824219,0.021208908408880234,0,0.021208908408880234,0,5.763500213623047,1,0,9.8477630615234375
0.13310159742832184,0.2347199022769928,0.09099999815225601,0.05000000074505806,0,0.3639218807220459,0.7070000171661377,0.16913723945617676,0.04308212548494339,0.06621882319450378,0.057442836463451385,6.231299877166748,1,0,12.638383865356445
0.04961000010371208,0.5600624084472656,0.06199999898672104,0.05700000002980232,0,0.1809338480234146,0.906000018119812,0.13477088510990143,0,0.13477088510990143,0,4.850800037384033,1,0,8.76561450958252
0.0033861000556498766,0.21363890171051025,0.06599999964237213,0.13500000536441803,0,0.16624867916107178,0.6660000085830688,0.11962617188692093,0.014953271485865116,0.022429905831813812,0.07476635277271271,5.485899925231934,1,0,10.142425537109375
0.05614040046930313,0.35519570112228394,0.08299999684095383,0.08699999749660492,0,0.3294358253479004,0.8610000014305115,0.052938062697649,0,0.0264690313488245,0.0264690313488245,5.122600078582764,1,0,8.910585403442383
0.04755689948797226,0.2640211880207062,0.07900000363588333,0.07599999755620956,0,0.12088961899280548,0.8639999628067017,0.09283819794654846,0.01326259970664978,0.03978779911994934,0.02652519941329956,4.328800201416016,1,0,10.042510032653809
0.059659600257873535,0.122748002409935,0.09200000017881393,0.07000000029802322,0,0.25645339488983154,0.796999990940094,0.1986657977104187,0.06482778489589691,0.06482778489589691,0.05855413153767586,4.795199871063232,1,0,11.718149185180664
0.20144830644130707,0.17717449367046356,0.10300000011920929,0.06499999761581421,0,0.30136120319366455,0.7950000166893005,0.13220642507076263,0.01652580313384533,0.07790736109018326,0.023608291521668434,4.763899803161621,1,0,11.721385955810547
0.15963800251483917,0.22643819451332092,0.0860000029206276,0.06400000303983688,0,0.27582547068595886,0.8849999904632568,0.06145022436976433,0.010241704061627388,0.020483408123254776,0.020483408123254776,4.619500160217285,1,0,10.202146530151367
0.07183189690113068,0.3669593930244446,0.09000000357627869,0.052000001072883606,0,0.32222017645835876,0.7389999628067017,0.11526484787464142,0.020644450560212135,0.03956853225827217,0.048170384019613266,6.242000102996826,1,0,11.873811721801758
0.04906490072607994,0.5791742205619812,0.11800000071525574,0.057999998331069946,0,0.25684186816215515,0.8529999852180481,0.03314550966024399,0,0.01104850322008133,0.02209700644016266,4.337500095367432,1,0,10.477400779724121
0.010162100195884705,0.11178319901227951,0.07400000095367432,0.12800000607967377,0,0.16842405498027802,0.7870000004768372,0.5215481519699097,0.24704913794994354,0.21959923207759857,0.08234971016645432,4.243199825286865,1,0,9.019906044006348
0.05807679891586304,0.05186460167169571,0.08100000023841858,0.05999999865889549,0,0.15915659070014954,0.8460000157356262,0.021949078887701035,0,0.017559261992573738,0,5.26140022277832,1,0,10.921883583068848
0.1886174976825714,0.4156495928764343,0.0989999994635582,0.03500000014901161,0,0.5004138350486755,0.7050000429153442,0.20533521473407745,0.055446598678827286,0.06618557125329971,0.07654372602701187,5.445700168609619,1,1,15.287147521972656
0.21664629876613617,0.12120389938354492,0.09099999815225601,0.06199999898672104,0,0.3256315588951111,0.8090000152587891,0.18646974861621857,0.08204669505357742,0.04102334752678871,0.05594092607498169,4.597400188446045,1,0,11.103708267211914
0.08429999649524689,0.2555137872695923,0.04899999871850014,0.06400000303983688,0,0.09725158661603928,0.7870000004768372,0.05091649666428566,0,0,0,6.3003997802734375,1,0,8.719480514526367
0.03528349846601486,0.3669140934944153,0.17800000309944153,0.03500000014901161,0,0.4464666545391083,0.6389999985694885,0.058432646095752716,0.01494788657873869,0.021742379292845726,0.021742379292845726,5.85830020904541,1,0,12.087075233459473
0.010449600405991077,0.33001211285591125,0.06300000101327896,0.06400000303983688,0,0.12885905802249908,0.7559999823570251,0.11621150374412537,0,0.05810575187206268,0,6.281300067901611,1,0,8.322394371032715
0.06803689897060394,0.11665990203619003,0.0820000022649765,0.08399999886751175,0,0.22336028516292572,0.8349999785423279,0.12429673969745636,0.019625801593065262,0.058877404779195786,0.04252256825566292,4.160699844360352,1,0,11.277405738830566
0.006200999952852726,0.9103193283081055,0.10999999940395355,0.04500000178813934,0,0.7107752561569214,0.8330000042915344,0.3616030812263489,0.052225250750780106,0.1680290699005127,0.1231834664940834,3.4781999588012695,1,1,13.616104125976562
0.03520280122756958,0.45918020606040955,0.125,0.057999998331069946,0,0.2113196849822998,0.8429999947547913,0.12223278731107712,0,0.013581420294940472,0.10865136235952377,5.066500186920166,1,0,10.05715274810791
0.008181200362741947,0.11359579861164093,0.07100000232458115,0.10100000351667404,0,0.1727035790681839,0.7450000047683716,0.13596706092357635,0.015107451938092709,0.08309098333120346,0.03399176523089409,5.610000133514404,1,0,10.881268501281738
0.06834059953689575,0.15976999700069427,0.0820000022649765,0.07599999755620956,0,0.22016966342926025,0.8379999995231628,0.021732831373810768,0,0.014488553628325462,0.007244276814162731,4.439599990844727,1,0,10.481364250183105
0.25556668639183044,0.10593049973249435,0.07699999958276749,0.09300000220537186,0,0.27808472514152527,0.8550000190734863,0.023943493142724037,0,0.011971746571362019,0.011971746571362019,3.2697999477386475,1,0,10.041029930114746
0.05841299891471863,0.39867061376571655,0.10700000077486038,0.05900000035762787,0,0.24640896916389465,0.871999979019165,0.12577177584171295,0.05716899037361145,0.03430139645934105,0.03430139645934105,4.957499980926514,1,0,10.494186401367188
0.08447279781103134,0.14634530246257782,0.10000000149011612,0.061000000685453415,0,0.2409869283437729,0.824999988079071,0.10292558372020721,0.01559478510171175,0.03742748498916626,0.04990331083536148,4.519700050354004,1,0,11.385683059692383
0.02726689912378788,0.21964499354362488,0.08399999886751175,0.06700000166893005,0,0.13313798606395721,0.8489999771118164,0.196150541305542,0.036778226494789124,0.06129704415798187,0.036778226494789124,4.935299873352051,1,0,9.992321968078613
0.07241470366716385,0.30843570828437805,0.07800000160932541,0.07400000095367432,0,0.215032160282135,0.8259999752044678,0.018779342994093895,0,0.018779342994093895,0,5.492599964141846,1,0,9.580938339233398
0.16277119517326355,0.06463880091905594,0.0820000022649765,0.0729999989271164,0,0.2558296024799347,0.9039999842643738,0.08894819021224976,0,0.037061743438243866,0.04447409510612488,4.081999778747559,1,0,10.484808921813965
0.003136199899017811,0.38485661149024963,0.03400000184774399,0.06599999964237213,0,0.37963762879371643,0.6340000033378601,0.16447368264198303,0,0,0.16447368264198303,5.016499996185303,1,0,7.710653305053711
0.33611470460891724,0.18580150604248047,0.10300000011920929,0.06199999898672104,0,0.5081105828285217,0.8159999847412109,0.159780353307724,0.01912863366305828,0.08326581865549088,0.04163290932774544,4.354000091552734,1,1,12.440638542175293
0.012597800232470036,0.9194502830505371,0.09200000017881393,0.06400000303983688,0,0.785153865814209,0.871999979019165,0.2744739353656769,0,0.18298262357711792,0.09149131178855896,3.5520999431610107,1,1,8.563885688781738
0.005788600072264671,0.7946987152099609,0.09799999743700027,0.061000000685453415,0,0.5853922367095947,0.8899999856948853,0.2309836745262146,0,0.12743926048278809,0.055754680186510086,4.298600196838379,1,1,10.632508277893066
0.02575100027024746,0.19524610042572021,0.08699999749660492,0.04899999871850014,0,0.21795377135276794,0.8270000219345093,0.12047778069972992,0.020653333514928818,0.04474889114499092,0.04819111153483391,5.813499927520752,1,0,11.954079627990723
0.15366899967193604,0.2659425139427185,0.0949999988079071,0.05999999865889549,0,0.22339649498462677,0.902999997138977,0.01669449172914028,0,0.01669449172914028,0,4.389699935913086,1,0,9.902386665344238
0.0900598019361496,0.5147523283958435,0.10499999672174454,0.0729999989271164,0,0.3192771077156067,0.8700000047683716,0.02335902862250805,0,0,0.02335902862250805,4.55019998550415,1,0,9.607706069946289
0.0952702984213829,0.18805189430713654,0.08100000023841858,0.0430000014603138,0,0.2760067582130432,0.8100000023841858,0.15532031655311584,0.043011780828237534,0.05018040910363197,0.059738583862781525,6.039100170135498,1,0,11.601751327514648
0.008859500288963318,0.21843630075454712,0.07900000363588333,0.07900000363588333,0,0.17338043451309204,0.5920000076293945,0.05872277915477753,0,0.009787130169570446,0.044042084366083145,7.323999881744385,1,0,10.528382301330566
0,0.6619468927383423,0.07400000095367432,0.03400000184774399,0,0.4939759075641632,0.8489999771118164,1.0752688646316528,0,0.5376344323158264,0,3.6438000202178955,1,0,6.336825847625732
0.016351299360394478,0.2532253861427307,0.08500000089406967,0.125,0,0.20072181522846222,0.718999981880188,0.12018714845180511,0.017169592902064323,0.07297077029943466,0.02575438842177391,4.38100004196167,1,0,10.82275390625
2.2289999469649047e-4,0.24297820031642914,0.06300000101327896,0.11900000274181366,0,0.11518047004938126,0.8289999961853027,0.404448926448822,0,0.15166835486888885,0.25278058648109436,4.012499809265137,1,0,8.408717155456543
0.04052580147981644,0.7132911086082458,0.1979999989271164,0.052000001072883606,0,0.539491593837738,0.7459999918937683,0.21696455776691437,0.03099493682384491,0.10331645607948303,0.07232151925563812,3.824700117111206,1,1,10.374397277832031
0.12506559491157532,0.07184360176324844,0.09300000220537186,0.07699999958276749,0,0.2458399534225464,0.8379999995231628,0.06375179439783096,0.02125059813261032,0.03718854486942291,0,4.07480001449585,1,0,10.811059951782227
0.058361198753118515,0.5352932810783386,0.0860000029206276,0.08299999684095383,0,0.2460552304983139,0.8370000123977661,0.07494379580020905,0.024981264024972916,0.04996252804994583,0,3.985100030899048,1,0,9.528212547302246
0.04169350117444992,0.18749690055847168,0.07599999755620956,0.07000000029802322,0,0.2083098590373993,0.7900000214576721,0.08320456743240356,0.01188636664301157,0.02377273328602314,0.04754546657204628,4.9629998207092285,1,0,9.91437816619873
0.06972219794988632,0.17535419762134552,0.07199999690055847,0.1080000028014183,0,0.17363813519477844,0.8410000205039978,0.09160654991865158,0.011450818739831448,0,0.08015573024749756,4.867700099945068,1,0,9.8806791305542
0.11467830091714859,0.23085689544677734,0.0949999988079071,0.07100000232458115,0,0.2658413350582123,0.828000009059906,0.24397681653499603,0.030497102066874504,0.13723696768283844,0.07624275982379913,5.390200138092041,1,0,9.721006393432617
0.078363798558712,0.13954460620880127,0.07000000029802322,0.09000000357627869,0,0.15445026755332947,0.828000009059906,0.2004275768995285,0,0.14698022603988647,0.05344735458493233,4.980199813842773,1,0,9.730264663696289
0.10694839805364609,0.20030710101127625,0.0949999988079071,0.04699999839067459,0,0.23094339668750763,0.9039999842643738,0.10222440212965012,0.01226692833006382,0.032711807638406754,0.04497873783111572,4.872900009155273,1,0,11.257852554321289
0.17613199353218079,0.20444269478321075,0.08699999749660492,0.0729999989271164,0,0.2945570945739746,0.8619999885559082,0.20439447462558746,0,0.07664792984724045,0.10219723731279373,3.7553999423980713,1,0,10.062796592712402
0.0037324000149965286,0.2974447011947632,0.09799999743700027,0.06499999761581421,0,0.1023215800523758,0.8140000104904175,0.29542097449302673,0,0,0.29542097449302673,6.3125,1,0,8.155649185180664
0.03335300087928772,0.36940959095954895,0.07000000029802322,0.0860000029206276,0,0.2256322056055069,0.8730000257492065,0.046490006148815155,0,0,0.046490006148815155,5.039999961853027,1,0,9.3820219039917
0.022356800734996796,0.092739202082157135,0.0560000017285347,0.14800000190734863,0,0.19317218661308289,0.7239999771118164,0.3010348081588745,0.15992474555969238,0.12229538708925247,0.028222013264894485,4.825900077819824,1,0,9.869050979614258
0.07112540304660797,0.3346734046936035,0.17399999499320984,0.052000001072883606,0,0.2927457094192505,0.7250000238418579,0.37770146131515503,0.17168249189853668,0.08079175651073456,0.09190062433481216,4.607500076293945,1,0,12.580328941345215
0.18738259375095367,0.216866597533226,0.1459999978542328,0.06599999964237213,0,0.2420525699853897,0.8939999938011169,0.09172207862138748,0,0.09172207862138748,0,3.938999891281128,1,0,9.535173416137695
0.22921550273895264,0.03873930126428604,0.06300000101327896,0.09799999743700027,0,0.3535950779914856,0.8569999933242798,0.04615739732980728,0,0,0.04615739732980728,3.4175000190734863,1,0,9.234837532043457
0.023229200392961502,0.4556359052658081,0.10499999672174454,0.0430000014603138,0,0.15346534550189972,0.824999988079071,0.055741358548402786,0,0.055741358548402786,0,5.56820011138916,1,0,8.566364288330078
0.10191810131072998,0.39857369661331177,0.09000000357627869,0.06599999964237213,0,0.331114798784256,0.847000002861023,0.10471203923225403,0.016109544783830643,0.040273863822221756,0.040273863822221756,4.079699993133545,1,0,10.5077486038208
0.001290900050662458,0.9517577886581421,0.11500000208616257,0.04800000041723251,0,0.7927248477935791,0.8930000066757202,0.2796585261821747,0.02943773940205574,0.06623491644859314,0.16190756857395172,3.3747000694274902,1,1,10.942845344543457
0.016439000144600868,0.3082315921783447,0.050999999046325684,0.08699999749660492,0,0.18166440725326538,0.843999981880188,0.03159557655453682,0,0,0.03159557655453682,4.056099891662598,1,0,9.020752906799316
0.14399699866771698,0.24821850657463074,0.14900000393390656,0.061000000685453415,0,0.3491174876689911,0.777999997138977,0.3252880275249481,0.1465037763118744,0.07945967465639114,0.08566746115684509,4.268700122833252,1,0,12.394645690917969
0.022767599672079086,0.507807195186615,0.09700000286102295,0.06199999898672104,0,0.30158230662345886,0.8109999895095825,0.092250920832157135,0.005765682552009821,0.05189114436507225,0.023062730208039284,5.733799934387207,1,0,10.76620864868164
0.011915699578821659,0.3675526976585388,0.04899999871850014,0.10199999809265137,0,0.20454545319080353,0.8259999752044678,0.11574073880910873,0.11574073880910873,0,0,3.4463999271392822,1,0,7.687997341156006
0.06340140104293823,0.4125784933567047,0.10300000011920929,0.04899999871850014,0,0.1884252429008484,0.7439999580383301,0.1871340274810791,0.060365818440914154,0.04225607216358185,0.07847556471824646,6.8805999755859375,1,0,11.92695426940918
0.08445610105991364,0.25,0.07900000363588333,0.08500000089406967,0,0.32475051283836365,0.8330000042915344,0.12488646805286407,0.03405994549393654,0.02270662970840931,0.03405994549393654,3.892899990081787,1,0,10.100040435791016
0.035434700548648834,0.2216694951057434,0.08299999684095383,0.04399999976158142,0,0.19263966381549835,0.6779999732971191,0.13112907111644745,0.04613800719380379,0.039824385195970535,0.03351076319813728,6.883800029754639,1,0,13.127522468566895
0.02948700077831745,0.5264127254486084,0.10400000214576721,0.041999999433755875,0,0.19545823335647583,0.8799999952316284,0.15088646113872528,0.03772161528468132,0.05658242106437683,0.05658242106437683,4.980199813842773,1,0,10.011489868164062
0.2311811000108719,0.0877164974808693,0.0729999989271164,0.10199999809265137,0,0.3650294840335846,0.8550000190734863,0.05968961492180824,0,0.05968961492180824,0,3.9453001022338867,1,0,9.449357032775879
0.18336360156536102,0.18452340364456177,0.19900000095367432,0.054999999701976776,0,0.3170671761035919,0.7490000128746033,0.22737210988998413,0.061215564608573914,0.06558810919523239,0.07870572805404663,3.9537999629974365,1,0,11.090278625488281
0.1363523006439209,0.2521510124206543,0.0860000029206276,0.06400000303983688,0,0.28624069690704346,0.8429999947547913,0.1155717745423317,0.006082725245505571,0.06082725152373314,0.024330900982022285,4.1504998207092285,1,0,10.781411170959473
0.04176349937915802,0.3550229072570801,0.10199999809265137,0.07400000095367432,0,0.2703423798084259,0.8790000081062317,0.08245722204446793,0,0,0.08245722204446793,3.710200071334839,1,0,9.619863510131836
0.04050159826874733,0.6203460097312927,0.10300000011920929,0.054999999701976776,0,0.4831429719924927,0.7979999780654907,0.2735454738140106,0.038258109241724014,0.1348598301410675,0.07651621848344803,5.033699989318848,1,0,12.771556854248047
0.0044165002182126045,0.5093966722488403,0.09300000220537186,0.04399999976158142,0,0.08512786030769348,0.8479999899864197,0.0330251008272171,0,0,0.0330251008272171,5.151700019836426,1,0,9.272563934326172
0.08230289816856384,0.06686130166053772,0.08699999749660492,0.06199999898672104,0,0.22541934251785278,0.8539999723434448,0.08979996293783188,0.01238620188087225,0.037158604711294174,0.021675853058695793,4.97629976272583,1,0,11.329206466674805
0.024497700855135918,0.19358189404010773,0.08500000089406967,0.0729999989271164,0,0.19676227867603302,0.8420000076293945,0.14513787627220154,0.019351717084646225,0.06773100793361664,0.03870343416929245,3.9516000747680664,1,0,10.237133979797363
0.17606690526008606,0.08907949924468994,0.08799999952316284,0.07199999690055847,0,0.21759669482707977,0.871999979019165,0.06682577729225159,0.028639618307352066,0.01909307949244976,0.01909307949244976,5.011899948120117,1,0,10.081633567810059
0.017147399485111237,0.11228980123996735,0.08500000089406967,0.05299999937415123,0,0.16674451529979706,0.7350000143051147,0.10727757215499878,0.03460566699504852,0.03633595257997513,0.02249368466436863,6.728799819946289,1,0,11.70699405670166
0.04289240017533302,0.6771051287651062,0.08500000089406967,0.054999999701976776,0,0.3877650499343872,0.8999999761581421,0.07146260142326355,0.04764173552393913,0,0.023820867761969566,5.0304999351501465,1,0,9.668208122253418
0.11012080311775208,0.14189060032367706,0.07900000363588333,0.07100000232458115,0,0.25668251514434814,0.8769999742507935,0.05492859333753586,0.019974034279584885,0.014980525709688663,0.019974034279584885,3.966200113296509,1,0,10.738850593566895
0.09453870356082916,0.36828988790512085,0.09700000286102295,0.052000001072883606,0,0.2736138701438904,0.8510000109672546,0.18955059349536896,0.041356492787599564,0.058588363230228424,0.07237385958433151,3.8159000873565674,1,0,11.7146577835083
0.023375900462269783,0.08226870000362396,0.06199999898672104,0.09000000357627869,0,0.1883663386106491,0.8939999938011169,0.297808974981308,0.17017655074596405,0.06381621211767197,0.04254413768649101,4.844799995422363,1,0,9.309008598327637
0.02749600075185299,0.1883784979581833,0.10499999672174454,0.0560000017285347,0,0.15450520813465118,0.6959999799728394,0.1282537579536438,0.03432143107056618,0.055998120456933975,0.027095865458250046,6.0971999168396,1,0,11.750224113464355
0.018065599724650383,0.6700944900512695,0.07100000232458115,0.0560000017285347,0,0.18944844603538513,0.8949999809265137,0.1071811392903328,0,0.1071811392903328,0,5.218100070953369,1,0,8.188133239746094
0.0017877999925985932,0.20053640007972717,0.06300000101327896,0.17100000381469727,0,0.18307997286319733,0.7799999713897705,0.5281690359115601,0.17605634033679962,0.05868544429540634,0.2934272289276123,3.6522998809814453,1,0,8.118505477905273
0.17569829523563385,0.0715366005897522,0.07999999821186066,0.08900000154972076,0,0.2945736348628998,0.8690000176429749,0.05738332122564316,0.019127773120999336,0,0.03825554624199867,3.1563000679016113,1,0,9.43882942199707
0.061426401138305664,0.4920983910560608,0.09000000357627869,0.09399999678134918,0,0.375046968460083,0.902999997138977,0.3309066891670227,0.03309066966176033,0.16545334458351135,0.06618133932352066,4.423999786376953,1,0,8.892474174499512
0.20681099593639374,0.19332200288772583,0.09000000357627869,0.0820000022649765,0,0.38769572973251343,0.8349999785423279,0.23899900913238525,0.014058765955269337,0.12652888894081116,0.07029382884502411,4.650100231170654,1,0,9.713052749633789
0.05296019837260246,0.16728630661964417,0.0729999989271164,0.041999999433755875,0,0.23046575486660004,0.6310000419616699,0.22612066566944122,0.10684822499752045,0.03975747898221016,0.05218169093132019,8.752400398254395,1,0,11.35669231414795
0.020775500684976578,0.33566299080848694,0.08799999952316284,0.09600000083446503,0,0.1432514488697052,0.824999988079071,0.2908514142036438,0.02644103579223156,0.15864622592926025,0.05288207158446312,4.152599811553955,1,0,9.253878593444824
0.08783529698848724,0.03879309818148613,0.06199999898672104,0.11999999731779099,0,0.17798852920532227,0.8799999952316284,0.02152852527797222,0,0.02152852527797222,0,3.13070011138916,1,0,9.253399848937988
0.22231170535087585,0.06923519819974899,0.06499999761581421,0.10700000077486038,0,0.3257782757282257,0.8920000195503235,0.027940765023231506,0,0,0.027940765023231506,2.827500104904175,1,0,9.070503234863281
0.11360689997673035,0.12004590034484863,0.07900000363588333,0.07400000095367432,0,0.2532310485839844,0.8859999775886536,0.39223188161849976,0.12436620891094208,0.16263273358345032,0.0956663191318512,4.3028998374938965,1,0,10.20444393157959
0.02096259966492653,0.5562434196472168,0.09399999678134918,0.05700000002980232,0,0.39554905891418457,0.8489999771118164,0.11805839091539383,0.00454070745036006,0.04994778335094452,0.022703537717461586,5.226099967956543,1,0,11.098469734191895
9.304999839514494e-4,0.5046526193618774,0.11500000208616257,0.054999999701976776,0,0.2192460298538208,0.8050000071525574,0.09451796114444733,0,0,0.09451796114444733,5.554299831390381,1,0,8.078377723693848
0.04548089951276779,0.38705191016197205,0.0989999994635582,0.06199999898672104,0,0.1688835173845291,0.847000002861023,0.261976033449173,0.037425149232149124,0.07485029846429825,0.09356287121772766,5.684199810028076,1,0,9.754871368408203
0.001193300005979836,0.10769689828157425,0.07400000095367432,0.08900000154972076,0,0.09710896760225296,0.7739999890327454,0.5917159914970398,0.13149243593215942,0.32873108983039856,0.06574621796607971,4.875,1,0,8.11731243133545
0.17636540532112122,0.17624880373477936,0.0949999988079071,0.06800000369548798,0,0.2523638606071472,0.8519999980926514,0.1858736127614975,0.010933741927146912,0.10933741182088852,0.07653619349002838,3.775599956512451,1,0,10.155218124389648
0.17936860024929047,0.18392840027809143,0.10499999672174454,0.06700000166893005,0,0.272329181432724,0.7509999871253967,0.12436935305595398,0.025812506675720215,0.046931833028793335,0.039892055094242096,4.69290018081665,1,0,12.290193557739258
0.0060409000143408775,0.19203069806098938,0.07400000095367432,0.07100000232458115,0,0.1759471893310547,0.7730000019073486,0.15400411188602448,0,0.07700205594301224,0.07700205594301224,5.191199779510498,1,0,9.060447692871094
0.02623780071735382,0.22439700365066528,0.09300000220537186,0.08100000023841858,0,0.14107513427734375,0.8090000152587891,0.05785363167524338,0,0.02892681583762169,0,4.395100116729736,1,0,9.15398120880127
0.1542067974805832,0.2760787904262543,0.0949999988079071,0.03999999910593033,0,0.4203900098800659,0.6970000267028809,0.11687550693750381,0.0322827473282814,0.03676646575331688,0.04139963537454605,5.871099948883057,1,0,14.464981079101562
0.07612600177526474,0.23192620277404785,0.14900000393390656,0.06400000303983688,0,0.22858348488807678,0.7540000081062317,0.19413746893405914,0.053334470838308334,0.0661347433924675,0.05760122835636139,4.539599895477295,1,0,11.808835983276367
0.05005120113492012,0.5225821733474731,0.10100000351667404,0.06499999761581421,0,0.2892652153968811,0.8740000128746033,0.17883755266666412,0.059612520039081573,0.08941877633333206,0.029806260019540787,3.747499942779541,1,0,9.448332786560059
0.09805549681186676,0.41123709082603455,0.10599999874830246,0.05299999937415123,0,0.3032523989677429,0.8500000238418579,0.12740205228328705,0.021233676001429558,0.03185051307082176,0.042467352002859116,4.417799949645996,1,0,10.390625
0.043709199875593185,0.37452200055122375,0.13300000131130219,0.06599999964237213,0,0.2569390833377838,0.7789999842643738,0.08315359801054001,0.02338694967329502,0.02338694967329502,0.03378114849328995,4.67110013961792,1,0,11.65317440032959
0.08323220163583755,0.3373500108718872,0.10599999874830246,0.03200000151991844,0,0.6241969466209412,0.5399999618530273,0.49152418971061707,0.1898682862520218,0.09813416749238968,0.1651214063167572,6.145100116729736,1,1,13.930307388305664
0.10260330140590668,0.09024640172719955,0.06300000101327896,0.11500000208616257,0,0.26239636540412903,0.8889999985694885,0.016764460131525993,0,0,0.016764460131525993,3.429500102996826,1,0,9.57533073425293
0.11126639693975449,0.07445719838142395,0.09799999743700027,0.08699999749660492,0,0.22011084854602814,0.8880000114440918,0.08653727173805237,0.012362467125058174,0.049449868500232697,0.024724934250116348,4.136000156402588,1,0,9.974039077758789
0.08696629852056503,0.07506980001926422,0.08399999886751175,0.06700000166893005,0,0.19825169444084167,0.8550000190734863,0.06140243262052536,0.03070121631026268,0.012280486524105072,0.012280486524105072,4.667300224304199,1,0,10.599031448364258
0.04552130028605461,0.4983847141265869,0.08299999684095383,0.05999999865889549,0,0.25894245505332947,0.8989999890327454,0.29651594161987305,0.22238695621490479,0.07412898540496826,0,4.613100051879883,1,0,8.133000373840332
0.0033764000982046127,0.7022485136985779,0.10599999874830246,0.07100000232458115,0,0.4578644931316376,0.847000002861023,0.08785416185855865,0,0.04392708092927933,0.010981770232319832,3.856800079345703,1,0,10.201812744140625
0.010902400128543377,0.8039404153823853,0.10999999940395355,0.05900000035762787,0,0.5272650718688965,0.8299999833106995,0.17210470139980316,0.021513087674975395,0.08605235069990158,0.05019720271229744,4.217400074005127,1,1,10.79916763305664
0.024176999926567078,0.09957150369882584,0.07599999755620956,0.0820000022649765,0,0.16336476802825928,0.8450000286102295,0.2283209264278412,0.036531347781419754,0.1141604632139206,0.07306269556283951,4.400199890136719,1,0,10.873053550720215
0.06303069740533829,0.4494611918926239,0.0949999988079071,0.06300000101327896,0,0.308907151222229,0.8180000185966492,0.16838225722312927,0.015885118395090103,0.0984877347946167,0.025416189804673195,5.17579984664917,1,0,11.40866470336914
0.2269580066204071,0.17657579481601715,0.20000000298023224,0.04699999839067459,0,0.3399304151535034,0.8109999895095825,0.12528188526630402,0.010022550821304321,0.045101478695869446,0.06514658033847809,3.7665998935699463,1,0,11.14663314819336
0.2536480128765106,0.2912294864654541,0.22100000083446503,0.04100000113248825,0,0.4133773446083069,0.812000036239624,0.5967704057693481,0.3334893584251404,0.10531242936849594,0.0819096639752388,5.134799957275391,1,0,10.733064651489258
0.17145690321922302,0.14806050062179565,0.11500000208616257,0.09000000357627869,0,0.23746313154697418,0.7839999794960022,0.20000000298023224,0.06666667014360428,0.03333333507180214,0.08666666597127914,5.1269001960754395,1,0,10.441033363342285
0.003939200192689896,0.9530789852142334,0.11400000005960464,0.03500000014901161,0,0.7724088430404663,0.8289999961853027,0.18228217959403992,0.015624186024069786,0.10068920254707336,0.041664496064186096,3.886199951171875,1,1,12.480863571166992
0.14385420083999634,0.391891211271286,0.09200000017881393,0.07199999690055847,0,0.302824467420578,0.8589999675750732,0.06724497675895691,0.013448994606733322,0.040346983820199966,0.013448994606733322,4.517600059509277,1,0,10.627745628356934
0.022783899679780006,0.26379498839378357,0.06599999964237213,0.0729999989271164,0,0.10995260626077652,0.8309999704360962,0.21376655995845795,0,0.0855066254734993,0.12825994193553925,5.222099781036377,1,0,8.6337308883667
0.10420060157775879,0.17911140620708466,0.13899999856948853,0.06499999761581421,0,0.2609266936779022,0.7839999794960022,0.16275285184383392,0.03358392044901848,0.05425094813108444,0.05425094813108444,4.554299831390381,1,0,11.790231704711914
0.016498500481247902,0.8751022815704346,0.12999999523162842,0.05400000140070915,0,0.7177033424377441,0.9169999957084656,0.174961119890213,0,0.11664074659347534,0.05832037329673767,2.6494998931884766,1,1,9.998888969421387
0.06367719918489456,0.23794959485530853,0.07800000160932541,0.039000000804662704,0,0.38944241404533386,0.6069999933242798,0.1797320544719696,0.06994976848363876,0.04031827300786972,0.0534338541328907,7.375,1,0,13.06810188293457
0.016128700226545334,0.3875496983528137,0.07999999821186066,0.05700000002980232,0,0.2829391360282898,0.8050000071525574,0.26699528098106384,0,0.04107619449496269,0.1951119303703308,6.809999942779541,1,0,10.725665092468262
0.03313089907169342,0.5685058236122131,0.09399999678134918,0.04699999839067459,0,0.2328847348690033,0.8889999985694885,0.05316321179270744,0,0,0.05316321179270744,5.5756001472473145,1,0,8.932740211486816
0.011870699934661388,0.18209430575370789,0.07999999821186066,0.05299999937415123,0,0.15767574310302734,0.8349999785423279,0.11119494587182999,0.011913744732737541,0.06751121580600739,0.027798736467957497,5.689700126647949,1,0,11.022604942321777
0.047855399549007416,0.0936037003993988,0.07999999821186066,0.1080000028014183,0,0.1755615621805191,0.8299999833106995,0.05339028313755989,0,0.037373196333646774,0.016017084941267967,4.568600177764893,1,0,10.662235260009766
0.014367500320076942,0.6198710203170776,0.0860000029206276,0.04800000041723251,0,0.19411484897136688,0.8529999852180481,0.04299226030707359,0,0,0.04299226030707359,5.615300178527832,1,0,9.0134735107421875
0.01096620038151741,0.17535050213336945,0.07500000298023224,0.09099999815225601,0,0.13745322823524475,0.8240000009536743,0.18987341225147247,0.012658228166401386,0.1139240488409996,0.037974681705236435,4.469299793243408,1,0,9.816239356994629
0.004560499917715788,0.9300165772438049,0.12399999797344208,0.05700000002980232,0,0.841261088848114,0.9099999666213989,0.6784660816192627,0,0.6194690465927124,0.05899704992771149,2.6672000885009766,1,1,9.397649765014648
0.011837399564683437,0.11837360262870789,0.0860000029206276,0.10000000149011612,1,0.10583153367042542,0.7699999809265137,0,0,0,0,5.973700046539307,0,0,7.571988582611084
0.01901870034635067,0.08875410258769989,0.05999999865889549,0.11900000274181366,1,0.17071610689163208,0.7419999837875366,0,0,0,0,3.6373000144958496,0,0,8.196436882019043
0,0.08794330060482025,0.032999999821186066,0.125,1,0.08988764137029648,0.6809999942779541,0,0,0,0,7.375,0,0,6.558197975158691
0.013318900018930435,0.43345969915390015,0.0949999988079071,0.06700000166893005,1,0.47179898619651794,0.6089999675750732,0,0,0,0,3.8394999504089355,0,0,9.130755424499512
0.04311380162835121,0.3257485032081604,0.08299999684095383,0.09200000017881393,1,0.16834531724452972,0.7820000052452087,0,0,0,0,3.860300064086914,0,0,7.420578956604004
0.01071189995855093,0.09558340162038803,0.0729999989271164,0.07699999958276749,1,0.10645278543233871,0.7559999823570251,0,0,0,0,6.60230016708374,0,0,8.710783958435059
0.005661800038069487,0.6205335259437561,0.09300000220537186,0.0729999989271164,1,0.30000001192092896,0.8680000305175781,0,0,0,0,3.9458999633789062,0,0,8.98067569732666
0.0963309034705162,0.20498649775981903,0.11699999868869781,0.07199999690055847,1,0.16120906174182892,0.8330000042915344,0,0,0,0,3.663300037384033,0,0,8.862058639526367
0.03466320037841797,0.3139306902885437,0.05999999865889549,0.09099999815225601,1,0.15539947152137756,0.8479999899864197,0,0,0,0,3.974299907684326,0,0,8.025516510009766
0.00513949990272522,0.5543317794799805,0.08399999886751175,0.07100000232458115,1,0.1965552121400833,0.8840000033378601,0,0,0,0,4.8368000984191895,0,0,8.315321922302246
0.1046357974410057,0.2807947099208832,0.03999999910593033,0.10700000077486038,1,0.2448979616165161,0.8479999899864197,0,0,0,0,3.495500087738037,0,0,7.319864749908447
0.03488370031118393,0.6000000238418579,0.09000000357627869,0.05299999937415123,1,0.2182539701461792,0.871999979019165,0,0,0,0,5.8333001136779785,0,0,8.46168041229248
0.002703400095924735,0.6180049180984497,0.0820000022649765,0.05400000140070915,1,0.3340292274951935,0.8659999966621399,0,0,0,0,5.367800235748291,0,0,8.21581745147705
0.038788098841905594,0.53853839635849,0.08500000089406967,0.07999999821186066,1,0.36081311106681824,0.8830000162124634,0,0,0,0,3.7434000968933105,0,0,8.70068073272705
0.05789399892091751,0.5470389127731323,0.10700000077486038,0.07000000029802322,1,0.28227147459983826,0.8899999856948853,0,0,0,0,4.109499931335449,0,0,9.513551712036133
0.08692319691181183,0.06835149973630905,0.07900000363588333,0.0860000029206276,1,0.22952477633953094,0.812000036239624,0,0,0,0,4.243199825286865,0,0,8.560827255249023
0.1003895029425621,0.33646538853645325,0.07199999690055847,0.09700000286102295,1,0.22264380753040314,0.8550000190734863,0,0,0,0,4.973599910736084,0,0,9.930129051208496
0.06093820184469223,0.26391929388046265,0.07000000029802322,0.08399999886751175,1,0.21407334506511688,0.8450000286102295,0,0,0,0,3.9700000286102295,0,0,7.732369422912598
0.004587200004607439,0.8575173020362854,0.09399999678134918,0.06300000101327896,1,0.7375129461288452,0.8809999823570251,0,0,0,0,3.682499885559082,0,1,9.276315689086914
0.05657749995589256,0.10089190304279327,0.13600000739097595,0.11599999666213989,1,0.14937211573123932,0.8479999899864197,0,0,0,0,3.668100118637085,0,0,8.18535041809082
0.0283719003200531,0.1479703038930893,0.11100000143051147,0.09799999743700027,1,0.15123167634010315,0.8560000061988831,0,0,0,0,3.488800048828125,0,0,9.816184997558594
0.24773119390010834,0.22113730013370514,0.10100000351667404,0.07500000298023224,1,0.37724995613098145,0.8819999694824219,0,0,0,0,3.6078999042510986,0,0,9.764800071716309
0.029239799827337265,0.11612360179424286,0.03400000184774399,0.1469999998807907,1,0.28688523173332214,0.7730000019073486,0,0,0,0,3.647700071334839,0,0,7.087573528289795
0,0.34067800641059875,0.04100000113248825,0.07999999821186066,1,0.07719298452138901,0.7540000081062317,0,0,0,0,6.730299949645996,0,0,7.073269844055176
0.06702359765768051,0.49082890152931213,0.09200000017881393,0.06700000166893005,1,0.2965126037597656,0.8619999885559082,0,0,0,0,4.298299789428711,0,0,9.9120512008667
0.07461749762296677,0.34093040227890015,0.10599999874830246,0.10100000351667404,1,0.24156790971755981,0.8730000257492065,0,0,0,0,3.0950000286102295,0,0,8.071843147277832
0.0012592000421136618,0.4524194896221161,0.0820000022649765,0.06599999964237213,1,0.08166410028934479,0.8059999942779541,0,0,0,0,4.421899795532227,0,0,8.623173713684082
0.08892790228128433,0.20365729928016663,0.057999998331069946,0.07900000363588333,1,0.204330176115036,0.8230000138282776,0,0,0,0,3.717400074005127,0,0,8.292047500610352
0.03263280168175697,0.2518366873264313,0.0729999989271164,0.11900000274181366,1,0.27971673011779785,0.8529999852180481,0,0,0,0,3.984999895095825,0,0,8.67470932006836
0.07224469631910324,0.1945423036813736,0.08299999684095383,0.0820000022649765,1,0.23157186806201935,0.8519999980926514,0,0,0,0,4.138199806213379,0,0,10.460901260375977
0.01261259987950325,0.7843844294548035,0.06700000166893005,0.05900000035762787,1,0.4458823502063751,0.9179999828338623,0,0,0,0,2.638400077819824,0,0,8.110727310180664
0,0.25060829520225525,0.0860000029206276,0.07500000298023224,1,0.14358974993228912,0.8529999852180481,0,0,0,0,5.849999904632568,0,0,7.404887676239014
0.0513078011572361,0.15761229395866394,0.10700000077486038,0.06599999964237213,1,0.10509885847568512,0.8889999985694885,0,0,0,0,5.032400131225586,0,0,9.09896183013916
0.003654100000858307,0.17904989421367645,0.0560000017285347,0.11599999666213989,1,0.16458852589130402,0.7519999742507935,0,0,0,0,4.702400207519531,0,0,6.7105231285095215
0,0.24719099700450897,0.03400000184774399,0.0820000022649765,1,0.0347222238779068,0.7820000052452087,0,0,0,0,6.324999809265137,0,0,5.587248802185059
0.0120211998000741,0.6209114193916321,0.08100000023841858,0.07000000029802322,1,0.37232524156570435,0.875,0,0,0,0,3.8280999660491943,0,0,8.182279586791992
0.07376190274953842,0.3306111991405487,0.07000000029802322,0.11100000143051147,1,0.222520112991333,0.8479999899864197,0,0,0,0,4.049300193786621,0,0,8.241703033447266
0.010012499988079071,0.8324294090270996,0.09099999815225601,0.05400000140070915,1,0.5905752778053284,0.8510000109672546,0,0,0,0,3.7291998863220215,0,1,8.880585670471191
0,0.35042738914489746,0.0430000014603138,0,1,0.1428571492433548,0.9810000061988831,0,0,0,0,5.610499858856201,0,0,4.762174129486084
0.012317799963057041,0.4729354977607727,0.07599999755620956,0.07400000095367432,1,0.26015424728393555,0.8349999785423279,0,0,0,0,3.9526000022888184,0,0,8.65938663482666
2.4590000975877047e-4,0.24569599330425262,0.06400000303983688,0.10100000351667404,1,0.19537274539470673,0.7760000228881836,0,0,0,0,3.765399932861328,0,0,8.310415267944336
0,0.48071980476379395,0.0729999989271164,0.1340000033378601,1,0.13453815877437592,0.8460000157356262,0,0,0,0,4.625,0,0,6.656726360321045
0.0024615000002086163,0.16164100170135498,0.0560000017285347,0.11500000208616257,1,0.12910689413547516,0.7789999842643738,0,0,0,0,4.392000198364258,0,0,8.491875648498535
0.10971750319004059,0.38695600628852844,0.11800000071525574,0.06199999898672104,1,0.23452484607696533,0.8899999856948853,0,0,0,0,4.986999988555908,0,0,9.123583793640137
0.0014375000027939677,0.10298799723386765,0.07199999690055847,0.0949999988079071,1,0.14559686183929443,0.8420000076293945,0,0,0,0,4.617199897766113,0,0,9.87704086303711
0.012138199992477894,0.15032680332660675,0.14000000059604645,0.11599999666213989,1,0.0927487388253212,0.828000009059906,0,0,0,0,3.168299913406372,0,0,6.976347923278809
0.20905070006847382,0.03379949927330017,0.10499999672174454,0.06800000369548798,1,0.2896873354911804,0.9359999895095825,0,0,0,0,3.8143999576568604,0,0,9.563178062438965
0.06953159719705582,0.14437469840049744,0.0949999988079071,0.06300000101327896,1,0.08246225118637085,0.722000002861023,0,0,0,0,5.089300155639648,0,0,7.635787010192871
0.016693299636244774,0.6138545274734497,0.10000000149011612,0.0560000017285347,1,0.2082677185535431,0.847000002861023,0,0,0,0,4.532599925994873,0,0,9.210740089416504
1.3689999468624592e-4,0.8096932768821716,0.05900000035762787,0.0860000029206276,1,0.7178051471710205,0.7409999966621399,0,0,0,0,3.213200092315674,0,1,8.896177291870117
0.03907189890742302,0.7460328936576843,0.10700000077486038,0.06199999898672104,1,0.582131564617157,0.8920000195503235,0,0,0,0,4.354000091552734,0,1,9.559516906738281
0,0.02792700007557869,0.03500000014901161,0.06700000166893005,1,0.06586826592683792,0.6820000410079956,0,0,0,0,6.388899803161621,0,0,6.836259365081787
0.1752249002456665,0.15704210102558136,0.09000000357627869,0.06599999964237213,1,0.24223129451274872,0.8630000352859497,0,0,0,0,4.617300033569336,0,0,10.886632919311523
0.03359920158982277,0.2889868915081024,0.08100000023841858,0.09399999678134918,1,0.14497306942939758,0.8550000190734863,0,0,0,0,3.9040000438690186,0,0,8.681520462036133
0.001956900116056204,0.4165036082267761,0.07599999755620956,0.05700000002980232,1,0.11758989095687866,0.7940000295639038,0,0,0,0,5.198699951171875,0,0,8.028128623962402
5.746000097133219e-4,0.9871345162391663,0.11500000208616257,0.04699999839067459,1,0.8689760565757751,0.9089999794960022,0,0,0,0,2.6171998977661133,0,1,11.045287132263184
0.0022287999745458364,0.4576523005962372,0.0560000017285347,0.050999999046325684,1,0.06326530873775482,0.7770000100135803,0,0,0,0,5.345600128173828,0,0,7.204892635345459
0.041018400341272354,0.20155589282512665,0.00800000037997961,0.11299999803304672,1,0.2398800551891327,0.843999981880188,0,0,0,0,4.2154998779296875,0,0,7.254178047180176
0.006555700208991766,0.5877457857131958,0.07699999958276749,0.06499999761581421,1,0.24949289858341217,0.7979999780654907,0,0,0,0,5.1666998863220215,0,0,8.285512924194336
0.06365880370140076,0.4173473119735718,0.10100000351667404,0.08799999952316284,1,0.2591763734817505,0.8410000205039978,0,0,0,0,3.7039999961853027,0,0,8.950662612915039
0.01628660038113594,0.6796960234642029,0.017000000923871994,0.15600000321865082,1,0.339483380317688,0.8270000219345093,0,0,0,0,3.1110999584198,0,0,6.825459957122803
0.0019417000003159046,0.12686079740524292,0.05400000140070915,0.13899999856948853,1,0.13473424315452576,0.781000018119812,0,0,0,0,4.1041998863220215,0,0,7.342779159545898
0.06262809783220291,0.5069041848182678,0.09399999678134918,0.06700000166893005,1,0.26223886013031006,0.8859999775886536,0,0,0,0,5.134500026702881,0,0,9.325899124145508
0.09135130047798157,0.27975380420684814,0.10100000351667404,0.07400000095367432,1,0.24726253747940063,0.8349999785423279,0,0,0,0,4.163000106811523,0,0,9.484785079956055
0.01125240046530962,0.9361894726753235,0.10599999874830246,0.03999999910593033,1,0.7170828580856323,0.9160000085830688,0,0,0,0,3.216200113296509,0,1,9.568573951721191
